sample_id	gene	protein_change	peptide	length	expression_tpm
Pt35.baseline	KRTAP5-5	SCCQSSCCKPY172fs	SCCQSSCC	8	0.0
Pt35.baseline	KRTAP5-5	SCCQSSCCKPY172fs	CCQSSCCK	8	0.0
Pt35.baseline	KRTAP5-5	SCCQSSCCKPY172fs	CQSSCCKP	8	0.0
Pt35.baseline	KRTAP5-5	SCCQSSCCKPY172fs	QSSCCKPY	8	0.0
Pt35.baseline	KRTAP5-5	SCCQSSCCKPY172fs	SSCCKPYF	8	0.0
Pt35.baseline	KRTAP5-5	SCCQSSCCKPY172fs	SCCKPYFS	8	0.0
Pt35.baseline	KRTAP5-5	SCCQSSCCKPY172fs	SCCQSSCCK	9	0.0
Pt35.baseline	KRTAP5-5	SCCQSSCCKPY172fs	CCQSSCCKP	9	0.0
Pt35.baseline	KRTAP5-5	SCCQSSCCKPY172fs	CQSSCCKPY	9	0.0
Pt35.baseline	KRTAP5-5	SCCQSSCCKPY172fs	QSSCCKPYF	9	0.0
Pt35.baseline	KRTAP5-5	SCCQSSCCKPY172fs	SSCCKPYFS	9	0.0
Pt35.baseline	KRTAP5-5	SCCQSSCCKPY172fs	SCCQSSCCKP	10	0.0
Pt35.baseline	KRTAP5-5	SCCQSSCCKPY172fs	CCQSSCCKPY	10	0.0
Pt35.baseline	KRTAP5-5	SCCQSSCCKPY172fs	CQSSCCKPYF	10	0.0
Pt35.baseline	KRTAP5-5	SCCQSSCCKPY172fs	QSSCCKPYFS	10	0.0
Pt35.baseline	KRTAP5-5	SCCQSSCCKPY172fs	SCCQSSCCKPY	11	0.0
Pt35.baseline	KRTAP5-5	SCCQSSCCKPY172fs	CCQSSCCKPYF	11	0.0
Pt35.baseline	KRTAP5-5	SCCQSSCCKPY172fs	CQSSCCKPYFS	11	0.0
Pt33.baseline	METTL17	QLLLLG72fs	QLLLLGFS	8	4.58940570344276
Pt31.baseline	AC016586.1	LWIGLFL18del	LWIGLFLD	8	0.0
Pt31.baseline	AC016586.1	LWIGLFL18del	WIGLFLDE	8	0.0
Pt31.baseline	AC016586.1	LWIGLFL18del	IGLFLDEL	8	0.0
Pt31.baseline	AC016586.1	LWIGLFL18del	LWIGLFLDE	9	0.0
Pt31.baseline	AC016586.1	LWIGLFL18del	WIGLFLDEL	9	0.0
Pt31.baseline	AC016586.1	LWIGLFL18del	LWIGLFLDEL	10	0.0
Pt5.baseline	MMP16	SALAAMQQF71fs	SALAAMQQ	8	2.811884530665343
Pt5.baseline	MMP16	SALAAMQQF71fs	ALAAMQQF	8	2.811884530665343
Pt5.baseline	MMP16	SALAAMQQF71fs	LAAMQQFF	8	2.811884530665343
Pt5.baseline	MMP16	SALAAMQQF71fs	AAMQQFFS	8	2.811884530665343
Pt5.baseline	MMP16	SALAAMQQF71fs	SALAAMQQF	9	2.811884530665343
Pt5.baseline	MMP16	SALAAMQQF71fs	ALAAMQQFF	9	2.811884530665343
Pt5.baseline	MMP16	SALAAMQQF71fs	LAAMQQFFS	9	2.811884530665343
Pt5.baseline	MMP16	SALAAMQQF71fs	SALAAMQQFF	10	2.811884530665343
Pt5.baseline	MMP16	SALAAMQQF71fs	ALAAMQQFFS	10	2.811884530665343
Pt5.baseline	MMP16	SALAAMQQF71fs	SALAAMQQFFS	11	2.811884530665343
Pt33.baseline	KRTAP5-4	GCGGCGSS41fs	GCGGCGSS	8	0.0
Pt33.baseline	KRTAP5-4	GCGGCGSS41fs	CGGCGSSF	8	0.0
Pt33.baseline	KRTAP5-4	GCGGCGSS41fs	GGCGSSFS	8	0.0
Pt33.baseline	KRTAP5-4	GCGGCGSS41fs	GCGGCGSSF	9	0.0
Pt33.baseline	KRTAP5-4	GCGGCGSS41fs	CGGCGSSFS	9	0.0
Pt33.baseline	KRTAP5-4	GCGGCGSS41fs	GCGGCGSSFS	10	0.0
Pt30.baseline	ATN1	EREKERE822fs	EREKEREF	8	8.773765080722812
Pt30.baseline	ATN1	EREKERE822fs	REKEREFS	8	8.773765080722812
Pt30.baseline	ATN1	EREKERE822fs	EREKEREFS	9	8.773765080722812
